Nom,Cognoms,País d'origen,Ciutat,Dia,Mes,Any,Gènere,Salari mensual,Fills,No Fills,Grup Professional,Nombre completo,Nacido en España,Fecha_nacimiento,Edad_actual,Increment
Clara,Sánchez Martínez,Espanya,Barcelona,18,3,1996,Mujer,1315.65,Sí,,Grup A,Clara Sánchez Martínez,True,1996-03-18,29,0.05
Fatima,Fassi,Marroc,Rabat,6,11,2005,Otros,1513.05,Sí,,Grup A,Fatima Fassi,False,2005-11-06,20,0.05
Toni,Sánchez García,Espanya,Barcelona,9,8,1999,Hombre,1095.15,No,1.0,Grup A,Toni Sánchez García,True,1999-08-09,26,0.05
Carla,García,Espanya,València,24,12,1957,Mujer,989.1,No,1.0,Grup A,Carla García,True,1957-12-24,68,0.05
Marco,Rossi,Itàlia,Torí,3,11,2002,Otros,1568.7,No,1.0,Grup A,Marco Rossi,False,2002-11-03,23,0.05
Alessia,Rossi,Itàlia,Milà,6,12,1989,Mujer,1434.3,No,1.0,Grup A,Alessia Rossi,False,1989-12-06,36,0.05
Toni,Martínez,Espanya,Barcelona,16,5,1964,Hombre,935.5500000000001,No,1.0,Grup A,Toni Martínez,True,1964-05-16,61,0.05
Oriol,Sánchez,Espanya,Barcelona,27,7,1965,Hombre,1312.5,No,1.0,Grup A,Oriol Sánchez,True,1965-07-27,60,0.05
Jean,Dubois,França,Marsella,16,12,1964,Hombre,1672.65,Sí,,Grup A,Jean Dubois,False,1964-12-16,61,0.05
Eva,Castells,Espanya,Sevilla,3,5,1968,,1309.3500000000001,Sí,,Grup A,Eva Castells,True,1968-05-03,57,0.05
Camila,Hernández Ramírez,Mèxic,Guadalajara,17,12,1996,Mujer,1228.5,Sí,,Grup A,Camila Hernández Ramírez,False,1996-12-17,29,0.05
Núria,Castells,Espanya,Barcelona,2,7,2005,Mujer,1411.2,Sí,,Grup A,Núria Castells,True,2005-07-02,20,0.05
Mia,Schneider Fischer,Alemanya,Berlín,22,10,1976,Otros,998.5500000000001,No,1.0,Grup A,Mia Schneider Fischer,False,1976-10-22,49,0.05
Eva,Castells,Espanya,Madrid,1,12,1965,Mujer,922.95,No,1.0,Grup A,Eva Castells,True,1965-12-01,60,0.05
Oriol,López Martínez,Espanya,Barcelona,25,6,1952,Hombre,1069.95,Sí,,Grup A,Oriol López Martínez,True,1952-06-25,73,0.05
Núria,Ferrer Romero,Espanya,València,6,2,2003,,1318.8,No,1.0,Grup A,Núria Ferrer Romero,True,2003-02-06,23,0.05
Matías,Gómez Álvarez,Argentina,Buenos Aires,4,12,1955,Hombre,1378.65,No,1.0,Grup A,Matías Gómez Álvarez,False,1955-12-04,70,0.05
Jordi,Sánchez,Espanya,Bilbao,16,8,1962,Hombre,779.1,No,1.0,Grup A,Jordi Sánchez,True,1962-08-16,63,0.05
Jordi,Romero,Espanya,Barcelona,27,8,1968,Hombre,848.4000000000001,No,1.0,Grup A,Jordi Romero,True,1968-08-27,57,0.05
Carla,García,Espanya,Sevilla,17,5,1952,Mujer,1011.1500000000001,Sí,,Grup A,Carla García,True,1952-05-17,73,0.05
Toni,López Sánchez,Espanya,Barcelona,25,2,1975,Hombre,1039.5,No,1.0,Grup A,Toni López Sánchez,True,1975-02-25,51,0.05
Anna,Martínez Martínez,Espanya,Bilbao,26,9,1972,Mujer,819.0,No,1.0,Grup A,Anna Martínez Martínez,True,1972-09-26,53,0.05
Toni,Martínez,Espanya,Sevilla,24,7,1982,Hombre,1590.75,Sí,,Grup A,Toni Martínez,True,1982-07-24,43,0.05
Toni,Sánchez García,Espanya,Bilbao,28,2,2000,Hombre,1450.05,No,1.0,Grup A,Toni Sánchez García,True,2000-02-28,25,0.05
Marta,López,Espanya,Sevilla,6,6,1954,Mujer,1558.2,No,1.0,Grup A,Marta López,True,1954-06-06,71,0.05
Joan,López,Espanya,Madrid,5,3,1957,Hombre,1015.35,No,1.0,Grup A,Joan López,True,1957-03-05,68,0.05
Eva,Ferrer,Espanya,Madrid,27,1,1974,Mujer,1051.05,No,1.0,Grup A,Eva Ferrer,True,1974-01-27,52,0.05
Joan,López,Espanya,València,1,2,1952,Hombre,1577.1000000000001,No,1.0,Grup A,Joan López,True,1952-02-01,74,0.05
Oriol,García,Espanya,València,12,6,2002,Hombre,1352.4,Sí,,Grup A,Oriol García,True,2002-06-12,23,0.05
Jordi,Sánchez,Espanya,València,19,6,1984,Hombre,1305.15,Sí,,Grup A,Jordi Sánchez,True,1984-06-19,41,0.05
Miguel,González,Mèxic,Ciutat de Mèxic,22,3,2002,Hombre,1607.55,No,1.0,Grup A,Miguel González,False,2002-03-22,23,0.05
Núria,Martínez,Espanya,Madrid,19,3,1986,Mujer,1475.25,No,1.0,Grup A,Núria Martínez,True,1986-03-19,39,0.05
Valentina,Torres Torres,Colòmbia,Medellín,24,7,1951,,1314.6000000000001,No,1.0,Grup A,Valentina Torres Torres,False,1951-07-24,74,0.05
Joan,Castells,Espanya,Barcelona,10,12,1975,Hombre,1750.3500000000001,Sí,,Grup A,Joan Castells,True,1975-12-10,50,0.05
Anna,Martínez Martínez,Espanya,Sevilla,10,4,1985,Mujer,1399.65,No,1.0,Grup A,Anna Martínez Martínez,True,1985-04-10,40,0.05
Michel,Moreau,França,Lió,2,5,1970,Hombre,850.5,No,1.0,Grup A,Michel Moreau,False,1970-05-02,55,0.05
Anna,Ferrer Sánchez,Espanya,Bilbao,21,10,1982,Mujer,1389.15,No,1.0,Grup A,Anna Ferrer Sánchez,True,1982-10-21,43,0.05
Clara,García,Espanya,Sevilla,10,3,1955,Mujer,849.45,No,1.0,Grup A,Clara García,True,1955-03-10,70,0.05
Valentina,Gutiérrez Castro,Colòmbia,Bogotà,2,1,2001,Otros,1117.2,No,1.0,Grup A,Valentina Gutiérrez Castro,False,2001-01-02,25,0.05
Arnau,Sánchez López,Espanya,Barcelona,28,6,1960,Hombre,1171.8,No,1.0,Grup A,Arnau Sánchez López,True,1960-06-28,65,0.05
Daniela,Castro Castro,Colòmbia,Medellín,25,12,1980,Mujer,1225.3500000000001,No,1.0,Grup A,Daniela Castro Castro,False,1980-12-25,45,0.05
Clara,Sánchez,Espanya,Bilbao,1,10,1965,Mujer,857.85,Sí,,Grup A,Clara Sánchez,True,1965-10-01,60,0.05
Youssef,Bennani,Marroc,Casablanca,20,9,1957,Hombre,819.0,Sí,,Grup A,Youssef Bennani,False,1957-09-20,68,0.05
Eva,Martínez,Espanya,Barcelona,11,9,1974,Mujer,822.1500000000001,No,1.0,Grup A,Eva Martínez,True,1974-09-11,51,0.05
Sophie,Taylor,Regne Unit,Londres,27,2,1983,Mujer,1542.45,No,1.0,Grup A,Sophie Taylor,False,1983-02-27,42,0.05
Mohamed,Zahraoui,Marroc,Rabat,18,11,1950,Hombre,1570.8,No,1.0,Grup A,Mohamed Zahraoui,False,1950-11-18,75,0.05
Anna,Castells,Espanya,Bilbao,20,3,1987,Mujer,1450.05,No,1.0,Grup A,Anna Castells,True,1987-03-20,38,0.05
Joan,Romero Romero,Espanya,Barcelona,21,2,1999,Hombre,1620.15,Sí,,Grup A,Joan Romero Romero,True,1999-02-21,27,0.05
Anna,Sánchez,Espanya,Barcelona,17,7,1984,Otros,1509.9,Sí,,Grup A,Anna Sánchez,True,1984-07-17,41,0.05
Tiago,Ferreira,Portugal,Porto,22,11,1993,Hombre,1308.3,Sí,,Grup A,Tiago Ferreira,False,1993-11-22,32,0.05
Eva,Romero,Espanya,València,16,4,1985,Mujer,1130.8500000000001,Sí,,Grup A,Eva Romero,True,1985-04-16,40,0.05
Felipe,Torres,Colòmbia,Bogotà,19,3,1970,Hombre,1302.0,Sí,,Grup A,Felipe Torres,False,1970-03-19,55,0.05
Laia,Martínez Ferrer,Espanya,Bilbao,19,10,1956,Mujer,1030.05,Sí,,Grup A,Laia Martínez Ferrer,True,1956-10-19,69,0.05
Marta,Sánchez,Espanya,Bilbao,1,9,1972,Mujer,1211.7,No,1.0,Grup A,Marta Sánchez,True,1972-09-01,53,0.05
Toni,Romero,Espanya,València,26,11,1991,Hombre,1445.8500000000001,Sí,,Grup A,Toni Romero,True,1991-11-26,34,0.05
Núria,Ferrer,Espanya,Barcelona,18,4,1957,,1465.8,Sí,,Grup A,Núria Ferrer,True,1957-04-18,68,0.05
Marc,Ferrer Castells,Espanya,Barcelona,25,8,2002,Hombre,1755.6000000000001,No,1.0,Grup A,Marc Ferrer Castells,True,2002-08-25,23,0.05
Toni,Ferrer,Espanya,Madrid,19,8,1967,Hombre,1641.15,No,1.0,Grup A,Toni Ferrer,True,1967-08-19,58,0.05
Pau,Ferrer,Espanya,Bilbao,6,8,1964,Hombre,1213.8,No,1.0,Grup A,Pau Ferrer,True,1964-08-06,61,0.05
Marc,García,Espanya,Barcelona,23,7,1998,Hombre,1408.05,Sí,,Grup A,Marc García,True,1998-07-23,27,0.05
Joan,Sánchez,Espanya,Sevilla,5,8,1988,Hombre,1125.6000000000001,Sí,,Grup A,Joan Sánchez,True,1988-08-05,37,0.05
Clara,Castells García,Espanya,Bilbao,11,1,1964,Mujer,1155.0,Sí,,Grup A,Clara Castells García,True,1964-01-11,62,0.05
Oriol,Martínez,Espanya,Madrid,18,1,1994,Hombre,1580.25,No,1.0,Grup A,Oriol Martínez,True,1994-01-18,32,0.05
Anna,Müller,Alemanya,Munic,18,3,1956,Mujer,1344.0,No,1.0,Grup A,Anna Müller,False,1956-03-18,69,0.05
Núria,Castells Sánchez,Espanya,Sevilla,26,3,1975,Mujer,698.25,No,1.0,Grup A,Núria Castells Sánchez,True,1975-03-26,50,0.05
Pau,Ferrer,Espanya,Sevilla,1,1,1999,Hombre,1614.9,No,1.0,Grup A,Pau Ferrer,True,1999-01-01,27,0.05
Tiago,Silva Pereira,Portugal,Porto,24,3,1980,Hombre,1502.55,No,1.0,Grup A,Tiago Silva Pereira,False,1980-03-24,45,0.05
Marc,García Ferrer,Espanya,València,16,8,1998,Hombre,1252.65,No,1.0,Grup A,Marc García Ferrer,True,1998-08-16,27,0.05
Pau,Castells,Espanya,Sevilla,23,3,1978,Hombre,859.95,No,1.0,Grup A,Pau Castells,True,1978-03-23,47,0.05
Jean,Lefevre,França,Marsella,8,10,1959,Hombre,819.0,No,1.0,Grup A,Jean Lefevre,False,1959-10-08,66,0.05
Joan,García,Espanya,Barcelona,24,12,1957,Hombre,1635.9,Sí,,Grup A,Joan García,True,1957-12-24,68,0.05
Pau,Romero Castells,Espanya,Madrid,14,7,1996,Hombre,1629.6000000000001,Sí,,Grup A,Pau Romero Castells,True,1996-07-14,29,0.05
Giulia,Russo Conti,Itàlia,Milà,25,2,1971,Mujer,1096.2,No,1.0,Grup A,Giulia Russo Conti,False,1971-02-25,55,0.05
Clara,Sánchez Castells,Espanya,València,19,3,1972,Mujer,1213.8,No,1.0,Grup A,Clara Sánchez Castells,True,1972-03-19,53,0.05
Marc,García Romero,Espanya,Sevilla,2,1,1982,Hombre,1182.3,No,1.0,Grup A,Marc García Romero,True,1982-01-02,44,0.05
Jordi,Castells Ferrer,Espanya,Bilbao,23,2,1979,Hombre,1279.95,No,1.0,Grup A,Jordi Castells Ferrer,True,1979-02-23,47,0.05
Laia,Castells,Espanya,Sevilla,6,10,1992,,1544.55,No,1.0,Grup A,Laia Castells,True,1992-10-06,33,0.05
Oriol,García,Espanya,Madrid,8,3,1954,Otros,1640.1000000000001,No,1.0,Grup A,Oriol García,True,1954-03-08,71,0.05
Marc,Martínez Martínez,Espanya,Barcelona,6,4,2001,,1160.25,Sí,,Grup A,Marc Martínez Martínez,True,2001-04-06,24,0.05
Eva,Ferrer,Espanya,Sevilla,24,1,1967,Mujer,849.45,No,1.0,Grup A,Eva Ferrer,True,1967-01-24,59,0.05
Toni,Romero,Espanya,Barcelona,9,12,1989,Hombre,1741.95,Sí,,Grup A,Toni Romero,True,1989-12-09,36,0.05
Jordi,Ferrer Martínez,Espanya,Sevilla,26,1,1970,Hombre,1537.2,Sí,,Grup A,Jordi Ferrer Martínez,True,1970-01-26,56,0.05
Pau,Sánchez,Espanya,Madrid,1,12,1982,Otros,896.7,No,1.0,Grup A,Pau Sánchez,True,1982-12-01,43,0.05
Carla,Castells García,Espanya,Bilbao,7,1,1994,Mujer,1358.7,No,1.0,Grup A,Carla Castells García,True,1994-01-07,32,0.05
Alessandro,Russo Ferrari,Itàlia,Roma,13,8,1965,Hombre,987.0,No,1.0,Grup A,Alessandro Russo Ferrari,False,1965-08-13,60,0.05
Michel,Lefevre,França,Lió,14,1,1985,Hombre,862.0500000000001,Sí,,Grup A,Michel Lefevre,False,1985-01-14,41,0.05
Salma,Zahraoui El Amrani,Marroc,Rabat,28,9,1950,Mujer,1198.05,No,1.0,Grup A,Salma Zahraoui El Amrani,False,1950-09-28,75,0.05
Núria,Sánchez,Espanya,Sevilla,2,11,1991,Mujer,1078.3500000000001,No,1.0,Grup A,Núria Sánchez,True,1991-11-02,34,0.05
Eva,Castells,Espanya,Madrid,20,11,1957,Mujer,1445.8500000000001,No,1.0,Grup A,Eva Castells,True,1957-11-20,68,0.05
Marc,Martínez Ferrer,Espanya,Madrid,14,7,1971,Otros,1258.95,No,1.0,Grup A,Marc Martínez Ferrer,True,1971-07-14,54,0.05
Marta,Ferrer,Espanya,Madrid,6,10,1986,Mujer,1344.0,No,1.0,Grup A,Marta Ferrer,True,1986-10-06,39,0.05
Oriol,García Castells,Espanya,Barcelona,18,6,1955,Hombre,1272.6000000000001,No,1.0,Grup A,Oriol García Castells,True,1955-06-18,70,0.05
Arnau,Ferrer Sánchez,Espanya,Sevilla,3,5,1994,Hombre,1132.95,No,1.0,Grup A,Arnau Ferrer Sánchez,True,1994-05-03,31,0.05
Louis,Moreau,França,Lió,13,2,1974,Hombre,1747.2,Sí,,Grup A,Louis Moreau,False,1974-02-13,52,0.05
Oriol,Martínez Martínez,Espanya,Sevilla,14,6,1991,,1178.1000000000001,Sí,,Grup A,Oriol Martínez Martínez,True,1991-06-14,34,0.05
Carla,López,Espanya,Barcelona,18,7,1965,Mujer,1216.95,Sí,,Grup A,Carla López,True,1965-07-18,60,0.05
Eva,Sánchez,Espanya,Sevilla,7,8,1992,Mujer,1048.95,Sí,,Grup A,Eva Sánchez,True,1992-08-07,33,0.05
Felipe,Gutiérrez Torres,Colòmbia,Bogotà,25,10,2004,Hombre,1444.8,No,1.0,Grup A,Felipe Gutiérrez Torres,False,2004-10-25,21,0.05
Gabriela,Cruz González,Mèxic,Ciutat de Mèxic,3,1,1955,Mujer,1084.65,Sí,,Grup A,Gabriela Cruz González,False,1955-01-03,71,0.05
Carla,Ferrer López,Espanya,València,2,4,1984,Mujer,1569.75,Sí,,Grup A,Carla Ferrer López,True,1984-04-02,41,0.05
Carla,Ferrer López,Espanya,Sevilla,17,7,1982,Mujer,856.8000000000001,No,1.0,Grup A,Carla Ferrer López,True,1982-07-17,43,0.05
Laia,Martínez,Espanya,Madrid,26,2,1979,Mujer,1371.3,No,1.0,Grup A,Laia Martínez,True,1979-02-26,47,0.05
José,Hernández,Mèxic,Guadalajara,12,1,1992,Otros,1440.6000000000001,No,1.0,Grup A,José Hernández,False,1992-01-12,34,0.05
Toni,López Castells,Espanya,Sevilla,18,8,1977,Hombre,810.6,No,1.0,Grup A,Toni López Castells,True,1977-08-18,48,0.05
Beatriz,Ferreira Ferreira,Portugal,Lisboa,17,11,1952,,1022.7,No,1.0,Grup A,Beatriz Ferreira Ferreira,False,1952-11-17,73,0.05
Laia,Ferrer,Espanya,Barcelona,23,11,1972,Mujer,987.0,No,1.0,Grup A,Laia Ferrer,True,1972-11-23,53,0.05
Anna,Castells García,Espanya,Barcelona,22,10,1952,Mujer,732.9,No,1.0,Grup A,Anna Castells García,True,1952-10-22,73,0.05
Oriol,Ferrer Martínez,Espanya,Barcelona,26,7,1950,Hombre,1001.7,No,1.0,Grup A,Oriol Ferrer Martínez,True,1950-07-26,75,0.05
Jordi,Sánchez,Espanya,Barcelona,18,6,1981,Hombre,840.0,Sí,,Grup A,Jordi Sánchez,True,1981-06-18,44,0.05
Marc,Castells Sánchez,Espanya,Madrid,24,10,1974,Hombre,884.1,No,1.0,Grup A,Marc Castells Sánchez,True,1974-10-24,51,0.05
Marta,Romero Sánchez,Espanya,Bilbao,19,7,1968,Mujer,1087.8,No,1.0,Grup A,Marta Romero Sánchez,True,1968-07-19,57,0.05
Jordi,Sánchez Martínez,Espanya,Barcelona,6,11,1998,Hombre,1149.75,No,1.0,Grup A,Jordi Sánchez Martínez,True,1998-11-06,27,0.05
Youssef,Fassi Zahraoui,Marroc,Casablanca,8,3,2003,Hombre,1300.95,Sí,,Grup A,Youssef Fassi Zahraoui,False,2003-03-08,22,0.05
Pau,López,Espanya,Madrid,24,5,1977,Hombre,889.35,No,1.0,Grup A,Pau López,True,1977-05-24,48,0.05
Marta,Ferrer,Espanya,Barcelona,28,6,2001,Mujer,1368.15,Sí,,Grup A,Marta Ferrer,True,2001-06-28,24,0.05
Oliver,Jones,Regne Unit,Londres,1,6,1959,Hombre,956.5500000000001,Sí,,Grup A,Oliver Jones,False,1959-06-01,66,0.05
Carla,García Martínez,Espanya,Madrid,19,4,1981,Mujer,1565.55,Sí,,Grup A,Carla García Martínez,True,1981-04-19,44,0.05
Marta,García Sánchez,Espanya,València,3,2,1962,Mujer,1176.0,Sí,,Grup A,Marta García Sánchez,True,1962-02-03,64,0.05
Laia,Castells,Espanya,Madrid,11,4,1986,Mujer,962.85,No,1.0,Grup A,Laia Castells,True,1986-04-11,39,0.05
Sophie,Moreau Dubois,França,Marsella,27,4,1956,Mujer,1581.3,No,1.0,Grup A,Sophie Moreau Dubois,False,1956-04-27,69,0.05
Jordi,Sánchez,Espanya,Bilbao,5,3,1952,Hombre,1311.45,No,1.0,Grup A,Jordi Sánchez,True,1952-03-05,73,0.05
Clara,Sánchez,Espanya,Sevilla,14,10,1970,Mujer,984.9000000000001,Sí,,Grup A,Clara Sánchez,True,1970-10-14,55,0.05
Tiago,Oliveira,Portugal,Porto,22,3,1989,Hombre,1421.7,Sí,,Grup A,Tiago Oliveira,False,1989-03-22,36,0.05
Chloé,Girard,França,París,5,10,1952,Mujer,778.0500000000001,Sí,,Grup A,Chloé Girard,False,1952-10-05,73,0.05
Núria,López Romero,Espanya,Barcelona,17,9,1957,Mujer,1099.3500000000001,No,1.0,Grup A,Núria López Romero,True,1957-09-17,68,0.05
Laia,Martínez,Espanya,Barcelona,22,1,1951,Mujer,1247.4,Sí,,Grup A,Laia Martínez,True,1951-01-22,75,0.05
Marta,García Romero,Espanya,Madrid,27,10,1984,Mujer,1001.7,No,1.0,Grup A,Marta García Romero,True,1984-10-27,41,0.05
Élise,Moreau,França,París,25,7,2001,Mujer,976.5,No,1.0,Grup A,Élise Moreau,False,2001-07-25,24,0.05
Pau,Romero Romero,Espanya,Sevilla,12,4,1990,Hombre,987.0,No,1.0,Grup A,Pau Romero Romero,True,1990-04-12,35,0.05
Daniela,Torres,Colòmbia,Medellín,17,5,1970,Mujer,1117.2,Sí,,Grup A,Daniela Torres,False,1970-05-17,55,0.05
Clara,Ferrer,Espanya,València,14,12,2002,Mujer,1027.95,Sí,,Grup A,Clara Ferrer,True,2002-12-14,23,0.05
Marta,Martínez,Espanya,Bilbao,22,6,1973,Mujer,858.9000000000001,No,1.0,Grup A,Marta Martínez,True,1973-06-22,52,0.05
Jordi,López,Espanya,València,1,5,1996,Hombre,1384.95,Sí,,Grup A,Jordi López,True,1996-05-01,29,0.05
Jordi,Sánchez,Espanya,Bilbao,20,4,1993,Hombre,1353.45,No,1.0,Grup A,Jordi Sánchez,True,1993-04-20,32,0.05
Anna,García,Espanya,Madrid,19,7,1972,,1069.95,No,1.0,Grup A,Anna García,True,1972-07-19,53,0.05
Clara,Ferrer García,Espanya,València,26,1,1957,Mujer,730.8000000000001,Sí,,Grup A,Clara Ferrer García,True,1957-01-26,69,0.05
Eva,García Sánchez,Espanya,Madrid,28,5,1968,Mujer,995.4000000000001,No,1.0,Grup A,Eva García Sánchez,True,1968-05-28,57,0.05
Marc,Ferrer Sánchez,Espanya,Barcelona,15,7,1977,Hombre,1757.7,No,1.0,Grup A,Marc Ferrer Sánchez,True,1977-07-15,48,0.05
Núria,García Martínez,Espanya,Barcelona,26,5,2005,Mujer,1386.0,Sí,,Grup A,Núria García Martínez,True,2005-05-26,20,0.05
Pau,Ferrer García,Espanya,València,14,9,1984,Hombre,1332.45,Sí,,Grup A,Pau Ferrer García,True,1984-09-14,41,0.05
Alessandro,Ferrari,Itàlia,Torí,13,4,1972,Otros,1400.7,Sí,,Grup A,Alessandro Ferrari,False,1972-04-13,53,0.05
Jordi,Romero Ferrer,Espanya,Madrid,15,4,2002,Hombre,1353.45,No,1.0,Grup A,Jordi Romero Ferrer,True,2002-04-15,23,0.05
Núria,Sánchez Martínez,Espanya,Madrid,4,1,1958,Mujer,1522.5,No,1.0,Grup A,Núria Sánchez Martínez,True,1958-01-04,68,0.05
Lea,Müller,Alemanya,Hamburg,14,4,2003,Mujer,1379.7,No,1.0,Grup A,Lea Müller,False,2003-04-14,22,0.05
Jordi,Castells,Espanya,Bilbao,1,6,1953,Hombre,1392.3,Sí,,Grup A,Jordi Castells,True,1953-06-01,72,0.05
Carla,López López,Espanya,Barcelona,7,3,1956,Mujer,852.6,Sí,,Grup A,Carla López López,True,1956-03-07,69,0.05
Oriol,García Ferrer,Espanya,Barcelona,9,12,2003,Hombre,1683.15,Sí,,Grup A,Oriol García Ferrer,True,2003-12-09,22,0.05
Michel,Dubois Dubois,França,Lió,4,9,1979,Hombre,1149.75,No,1.0,Grup A,Michel Dubois Dubois,False,1979-09-04,46,0.05
Carla,Ferrer,Espanya,Barcelona,27,10,1987,Mujer,877.8000000000001,No,1.0,Grup A,Carla Ferrer,True,1987-10-27,38,0.05
Arnau,López Martínez,Espanya,Barcelona,15,11,1972,Hombre,1666.3500000000001,No,1.0,Grup A,Arnau López Martínez,True,1972-11-15,53,0.05
Miguel,González,Mèxic,Guadalajara,15,9,1955,Hombre,1232.7,No,1.0,Grup A,Miguel González,False,1955-09-15,70,0.05
Marc,Martínez Martínez,Espanya,Bilbao,4,1,2001,Hombre,1751.4,Sí,,Grup A,Marc Martínez Martínez,True,2001-01-04,25,0.05
Oriol,Romero Castells,Espanya,València,25,4,1970,Hombre,1539.3,No,1.0,Grup A,Oriol Romero Castells,True,1970-04-25,55,0.05
Jordi,Romero López,Espanya,Sevilla,13,3,1973,Hombre,1434.3,No,1.0,Grup A,Jordi Romero López,True,1973-03-13,52,0.05
José,González,Mèxic,Ciutat de Mèxic,16,8,1973,Hombre,1077.3,No,1.0,Grup A,José González,False,1973-08-16,52,0.05
Eva,García,Espanya,València,28,9,1950,Mujer,793.8000000000001,No,1.0,Grup A,Eva García,True,1950-09-28,75,0.05
George,Taylor Taylor,Regne Unit,Londres,8,9,1965,Hombre,1191.75,Sí,,Grup A,George Taylor Taylor,False,1965-09-08,60,0.05
Laia,Martínez,Espanya,Barcelona,11,2,1951,Mujer,1371.3,No,1.0,Grup A,Laia Martínez,True,1951-02-11,75,0.05
Joan,Martínez Martínez,Espanya,València,1,2,1960,Hombre,1060.5,No,1.0,Grup A,Joan Martínez Martínez,True,1960-02-01,66,0.05
Sara,Torres Castro,Colòmbia,Medellín,8,8,1987,Mujer,1097.25,No,1.0,Grup A,Sara Torres Castro,False,1987-08-08,38,0.05
James,Smith,Regne Unit,Londres,1,6,1954,Hombre,1131.9,No,1.0,Grup A,James Smith,False,1954-06-01,71,0.05
Laia,Martínez Romero,Espanya,Barcelona,5,9,1958,Mujer,1097.25,No,1.0,Grup A,Laia Martínez Romero,True,1958-09-05,67,0.05
Pau,Ferrer López,Espanya,Madrid,16,2,1966,,1242.15,Sí,,Grup A,Pau Ferrer López,True,1966-02-16,60,0.05
Marta,López,Espanya,Madrid,26,8,1988,Mujer,1405.95,Sí,,Grup A,Marta López,True,1988-08-26,37,0.05
Carla,Romero Ferrer,Espanya,Sevilla,28,5,1991,Mujer,766.5,No,1.0,Grup A,Carla Romero Ferrer,True,1991-05-28,34,0.05
Laura,Castro Gutiérrez,Colòmbia,Bogotà,18,2,1950,Mujer,1044.75,No,1.0,Grup A,Laura Castro Gutiérrez,False,1950-02-18,76,0.05
Carla,Romero López,Espanya,Barcelona,23,5,2002,Mujer,814.8000000000001,Sí,,Grup A,Carla Romero López,True,2002-05-23,23,0.05
Eva,García,Espanya,Madrid,10,3,1971,,1289.4,Sí,,Grup A,Eva García,True,1971-03-10,54,0.05
Mia,Schneider Müller,Alemanya,Munic,28,3,1957,Mujer,804.3000000000001,No,1.0,Grup A,Mia Schneider Müller,False,1957-03-28,68,0.05
Jordi,Romero Romero,Espanya,València,11,6,1984,Hombre,1020.6,No,1.0,Grup A,Jordi Romero Romero,True,1984-06-11,41,0.05
Marta,Romero Castells,Espanya,València,12,12,1988,Mujer,876.75,No,1.0,Grup A,Marta Romero Castells,True,1988-12-12,37,0.05
Lucía,Fernández,Argentina,Buenos Aires,8,8,1953,Mujer,802.2,No,1.0,Grup A,Lucía Fernández,False,1953-08-08,72,0.05
Toni,García Ferrer,Espanya,València,22,9,1988,Hombre,1068.9,No,1.0,Grup A,Toni García Ferrer,True,1988-09-22,37,0.05
Amina,Zahraoui Fassi,Marroc,Casablanca,20,1,1984,Mujer,1162.3500000000001,No,1.0,Grup A,Amina Zahraoui Fassi,False,1984-01-20,42,0.05
Toni,Romero,Espanya,València,17,2,2003,Hombre,1705.2,Sí,,Grup A,Toni Romero,True,2003-02-17,23,0.05
Eva,López,Espanya,Bilbao,26,12,1964,Mujer,1274.7,No,1.0,Grup A,Eva López,True,1964-12-26,61,0.05
Louis,Girard Lefevre,França,Marsella,26,3,1983,Hombre,1059.45,Sí,,Grup A,Louis Girard Lefevre,False,1983-03-26,42,0.05
Jordi,García,Espanya,Bilbao,11,1,1950,Hombre,1043.7,No,1.0,Grup A,Jordi García,True,1950-01-11,76,0.05
Marta,López,Espanya,Sevilla,25,8,1971,Mujer,1108.8,Sí,,Grup A,Marta López,True,1971-08-25,54,0.05
Arnau,Ferrer García,Espanya,Sevilla,17,3,1989,Hombre,1445.8500000000001,No,1.0,Grup A,Arnau Ferrer García,True,1989-03-17,36,0.05
Salma,El Amrani,Marroc,Casablanca,12,10,1987,Mujer,1484.7,No,1.0,Grup A,Salma El Amrani,False,1987-10-12,38,0.05
Carla,García,Espanya,Barcelona,25,10,1952,Mujer,997.5,No,1.0,Grup A,Carla García,True,1952-10-25,73,0.05
William,Brown Smith,Regne Unit,Londres,17,7,1959,Hombre,1204.3500000000001,Sí,,Grup A,William Brown Smith,False,1959-07-17,66,0.05
Clara,Castells Romero,Espanya,Barcelona,4,1,1999,Mujer,1461.6000000000001,Sí,,Grup A,Clara Castells Romero,True,1999-01-04,27,0.05
Pau,Castells,Espanya,Barcelona,1,7,1972,Hombre,1056.3,No,1.0,Grup A,Pau Castells,True,1972-07-01,53,0.05
Jordi,López,Espanya,València,24,10,1954,Hombre,1107.75,No,1.0,Grup A,Jordi López,True,1954-10-24,71,0.05
João,Oliveira Ferreira,Portugal,Lisboa,21,3,1985,Hombre,1286.25,No,1.0,Grup A,João Oliveira Ferreira,False,1985-03-21,40,0.05
Andrés,Castro,Colòmbia,Medellín,8,3,2000,Otros,1045.8,No,1.0,Grup A,Andrés Castro,False,2000-03-08,25,0.05
Anna,Castells,Espanya,Barcelona,2,1,1951,Mujer,964.95,No,1.0,Grup A,Anna Castells,True,1951-01-02,75,0.05
Clara,García,Espanya,Sevilla,19,8,1998,Mujer,784.35,No,1.0,Grup A,Clara García,True,1998-08-19,27,0.05
Lucía,Fernández,Argentina,Buenos Aires,28,11,1978,,795.9,No,1.0,Grup A,Lucía Fernández,False,1978-11-28,47,0.05
Núria,Ferrer,Espanya,Barcelona,27,10,1977,Mujer,1179.15,No,1.0,Grup A,Núria Ferrer,True,1977-10-27,48,0.05
Camille,Moreau,França,París,6,2,1957,Mujer,836.85,No,1.0,Grup A,Camille Moreau,False,1957-02-06,69,0.05
Oriol,Martínez Martínez,Espanya,Sevilla,21,3,1951,Hombre,1539.3,No,1.0,Grup A,Oriol Martínez Martínez,True,1951-03-21,74,0.05
Sophie,Jones,Regne Unit,Londres,26,1,1963,Mujer,718.2,No,1.0,Grup A,Sophie Jones,False,1963-01-26,63,0.05
Miguel,Silva,Portugal,Lisboa,12,6,1971,,941.85,No,1.0,Grup A,Miguel Silva,False,1971-06-12,54,0.05
Laia,Ferrer Martínez,Espanya,Sevilla,23,10,1962,Mujer,1478.4,Sí,,Grup A,Laia Ferrer Martínez,True,1962-10-23,63,0.05
Laura,Rojas,Colòmbia,Medellín,9,5,1969,Mujer,1037.4,No,1.0,Grup A,Laura Rojas,False,1969-05-09,56,0.05
Arnau,Ferrer Sánchez,Espanya,Bilbao,6,11,1969,Hombre,1398.6000000000001,Sí,,Grup A,Arnau Ferrer Sánchez,True,1969-11-06,56,0.05
Carla,Sánchez López,Espanya,Sevilla,11,6,1989,Mujer,1135.05,Sí,,Grup A,Carla Sánchez López,True,1989-06-11,36,0.05
Núria,López,Espanya,Sevilla,5,5,1977,Mujer,1075.2,No,1.0,Grup A,Núria López,True,1977-05-05,48,0.05
Miguel,Cruz,Mèxic,Guadalajara,28,9,1955,Hombre,1318.8,Sí,,Grup A,Miguel Cruz,False,1955-09-28,70,0.05
Marc,López Martínez,Espanya,Madrid,18,11,2004,Hombre,1338.75,Sí,,Grup A,Marc López Martínez,True,2004-11-18,21,0.05
Pau,López García,Espanya,Sevilla,4,7,1992,Hombre,1751.4,No,1.0,Grup A,Pau López García,True,1992-07-04,33,0.05
Francesca,Ferrari,Itàlia,Torí,25,3,1999,Mujer,1097.25,Sí,,Grup A,Francesca Ferrari,False,1999-03-25,26,0.05
Toni,García García,Espanya,Madrid,9,6,1958,Hombre,1470.0,Sí,,Grup A,Toni García García,True,1958-06-09,67,0.05
Anna,López,Espanya,Bilbao,17,6,1995,Mujer,1396.5,Sí,,Grup A,Anna López,True,1995-06-17,30,0.05
Toni,Sánchez Sánchez,Espanya,Sevilla,16,7,1950,Hombre,1358.7,No,1.0,Grup A,Toni Sánchez Sánchez,True,1950-07-16,75,0.05
Laia,Ferrer Romero,Espanya,Sevilla,25,8,1951,Mujer,1368.15,Sí,,Grup A,Laia Ferrer Romero,True,1951-08-25,74,0.05
Amina,El Amrani,Marroc,Rabat,25,1,1959,Mujer,896.7,Sí,,Grup A,Amina El Amrani,False,1959-01-25,67,0.05
Jordi,Romero García,Espanya,Bilbao,19,12,1984,Hombre,1611.75,Sí,,Grup A,Jordi Romero García,True,1984-12-19,41,0.05
Clara,López García,Espanya,València,13,10,1988,Mujer,866.25,Sí,,Grup A,Clara López García,True,1988-10-13,37,0.05
Laura,Castro,Colòmbia,Medellín,19,6,1958,Mujer,1558.2,No,1.0,Grup A,Laura Castro,False,1958-06-19,67,0.05
Clara,Sánchez Ferrer,Espanya,Madrid,21,4,1963,Mujer,1390.2,Sí,,Grup A,Clara Sánchez Ferrer,True,1963-04-21,62,0.05
Matías,Rodríguez,Argentina,Buenos Aires,12,6,1950,,1107.75,No,1.0,Grup A,Matías Rodríguez,False,1950-06-12,75,0.05
Jordi,Sánchez Ferrer,Espanya,Madrid,2,4,1977,Hombre,1064.7,No,1.0,Grup A,Jordi Sánchez Ferrer,True,1977-04-02,48,0.05
Marc,Martínez García,Espanya,Sevilla,12,3,1965,Hombre,1664.25,No,1.0,Grup A,Marc Martínez García,True,1965-03-12,60,0.05
María,Cruz,Mèxic,Guadalajara,23,6,1978,Mujer,783.3000000000001,Sí,,Grup A,María Cruz,False,1978-06-23,47,0.05
Carla,Martínez Sánchez,Espanya,Madrid,6,2,2004,Mujer,723.45,Sí,,Grup A,Carla Martínez Sánchez,True,2004-02-06,22,0.05
Tomás,Gómez,Argentina,Còrdova,19,1,1996,Hombre,1159.2,Sí,,Grup A,Tomás Gómez,False,1996-01-19,30,0.05
Pau,Castells,Espanya,Bilbao,17,4,1952,,1172.8500000000001,No,1.0,Grup A,Pau Castells,True,1952-04-17,73,0.05
Jean,Moreau Girard,França,Marsella,12,11,1989,Hombre,909.3000000000001,No,1.0,Grup A,Jean Moreau Girard,False,1989-11-12,36,0.05
Laia,Martínez López,Espanya,València,17,5,1976,Mujer,1237.95,Sí,,Grup A,Laia Martínez López,True,1976-05-17,49,0.05
Anna,Romero,Espanya,València,17,11,1976,Mujer,1350.3,No,1.0,Grup A,Anna Romero,True,1976-11-17,49,0.05
Daniel,Castro Torres,Colòmbia,Bogotà,5,4,1992,Hombre,1060.5,Sí,,Grup A,Daniel Castro Torres,False,1992-04-05,33,0.05
Youssef,Fassi El Amrani,Marroc,Rabat,26,5,1968,Hombre,1044.75,Sí,,Grup A,Youssef Fassi El Amrani,False,1968-05-26,57,0.05
Miguel,Ferreira,Portugal,Porto,19,2,1990,Hombre,1262.1000000000001,No,1.0,Grup A,Miguel Ferreira,False,1990-02-19,36,0.05
Inês,Silva Oliveira,Portugal,Porto,11,2,1986,Mujer,1000.6500000000001,No,1.0,Grup A,Inês Silva Oliveira,False,1986-02-11,40,0.05
Marc,García López,Espanya,Madrid,11,8,1963,Hombre,1075.2,No,1.0,Grup A,Marc García López,True,1963-08-11,62,0.05
Daniel,Rojas Castro,Colòmbia,Medellín,7,10,1952,Hombre,838.95,Sí,,Grup A,Daniel Rojas Castro,False,1952-10-07,73,0.05
Anna,Ferrer,Espanya,Madrid,8,5,1966,Mujer,805.35,No,1.0,Grup A,Anna Ferrer,True,1966-05-08,59,0.05
Núria,Romero Castells,Espanya,València,10,4,1996,,814.8000000000001,No,1.0,Grup A,Núria Romero Castells,True,1996-04-10,29,0.05
Toni,López,Espanya,Barcelona,27,9,1979,,904.0500000000001,No,1.0,Grup A,Toni López,True,1979-09-27,46,0.05
Marta,López,Espanya,Bilbao,24,7,1967,Mujer,1492.05,No,1.0,Grup A,Marta López,True,1967-07-24,58,0.05
Oriol,Ferrer,Espanya,Madrid,9,7,1985,Otros,762.3000000000001,No,1.0,Grup A,Oriol Ferrer,True,1985-07-09,40,0.05
Núria,Romero,Espanya,València,11,6,1951,Mujer,747.6,No,1.0,Grup A,Núria Romero,True,1951-06-11,74,0.05
Inês,Silva,Portugal,Lisboa,20,8,1990,Mujer,1177.05,Sí,,Grup A,Inês Silva,False,1990-08-20,35,0.05
Clara,Romero,Espanya,Sevilla,23,3,1999,Mujer,795.9,No,1.0,Grup A,Clara Romero,True,1999-03-23,26,0.05
Núria,Ferrer,Espanya,Bilbao,17,3,1979,Mujer,1279.95,Sí,,Grup A,Núria Ferrer,True,1979-03-17,46,0.05
Jordi,Castells,Espanya,Barcelona,19,7,1978,Hombre,1618.0500000000002,No,1.0,Grup A,Jordi Castells,True,1978-07-19,47,0.05
Alessia,Russo,Itàlia,Torí,28,11,1954,Mujer,1017.45,Sí,,Grup A,Alessia Russo,False,1954-11-28,71,0.05
Florencia,Gómez,Argentina,Còrdova,8,7,1984,,1673.7,No,1.0,Grup A,Florencia Gómez,False,1984-07-08,41,0.05
Pau,Martínez López,Espanya,València,19,12,1994,Hombre,1572.9,No,1.0,Grup A,Pau Martínez López,True,1994-12-19,31,0.05
Laia,Romero,Espanya,València,18,7,1950,Mujer,1057.3500000000001,No,1.0,Grup A,Laia Romero,True,1950-07-18,75,0.05
Pau,Sánchez,Espanya,València,26,5,1954,Hombre,1481.55,No,1.0,Grup A,Pau Sánchez,True,1954-05-26,71,0.05
Daniel,Castro,Colòmbia,Medellín,13,10,1956,Hombre,1267.3500000000001,Sí,,Grup A,Daniel Castro,False,1956-10-13,69,0.05
Jordi,Ferrer,Espanya,Barcelona,28,6,2002,Hombre,1009.0500000000001,No,1.0,Grup A,Jordi Ferrer,True,2002-06-28,23,0.05
Salma,Zahraoui,Marroc,Casablanca,20,12,1971,Mujer,1468.95,Sí,,Grup A,Salma Zahraoui,False,1971-12-20,54,0.05
Clara,Castells,Espanya,Madrid,15,3,1981,Mujer,1594.95,Sí,,Grup A,Clara Castells,True,1981-03-15,44,0.05
Eva,García Ferrer,Espanya,València,22,2,1991,Mujer,698.25,Sí,,Grup A,Eva García Ferrer,True,1991-02-22,35,0.05
Pau,Castells,Espanya,Barcelona,14,9,1991,Hombre,1642.2,No,1.0,Grup A,Pau Castells,True,1991-09-14,34,0.05
Joan,Ferrer,Espanya,Bilbao,21,5,1981,,1478.4,No,1.0,Grup A,Joan Ferrer,True,1981-05-21,44,0.05
Joan,Martínez Castells,Espanya,Barcelona,22,7,1987,Hombre,1223.25,No,1.0,Grup A,Joan Martínez Castells,True,1987-07-22,38,0.05
Toni,Castells Castells,Espanya,Madrid,20,3,1950,Hombre,1609.65,No,1.0,Grup A,Toni Castells Castells,True,1950-03-20,75,0.05
Carla,Ferrer Castells,Espanya,Sevilla,2,8,1957,Mujer,1145.55,Sí,,Grup A,Carla Ferrer Castells,True,1957-08-02,68,0.05
Toni,Ferrer,Espanya,Barcelona,24,8,1972,Hombre,1750.3500000000001,Sí,,Grup A,Toni Ferrer,True,1972-08-24,53,0.05
Jordi,García,Espanya,Barcelona,3,1,1975,Hombre,1014.3000000000001,Sí,,Grup A,Jordi García,True,1975-01-03,51,0.05
Francesca,Russo,Itàlia,Torí,9,11,1986,Mujer,1411.2,Sí,,Grup A,Francesca Russo,False,1986-11-09,39,0.05
Arnau,Sánchez Martínez,Espanya,Madrid,12,11,2003,Hombre,804.3000000000001,No,1.0,Grup A,Arnau Sánchez Martínez,True,2003-11-12,22,0.05
Amina,Fassi,Marroc,Casablanca,13,12,1971,,1533.0,No,1.0,Grup A,Amina Fassi,False,1971-12-13,54,0.05
Fatima,Zahraoui El Amrani,Marroc,Rabat,27,1,1986,Mujer,1377.6000000000001,No,1.0,Grup A,Fatima Zahraoui El Amrani,False,1986-01-27,40,0.05
Arnau,Sánchez Sánchez,Espanya,Sevilla,5,7,1974,Hombre,1559.25,No,1.0,Grup A,Arnau Sánchez Sánchez,True,1974-07-05,51,0.05
William,Brown,Regne Unit,Londres,24,2,1991,Hombre,1046.8500000000001,Sí,,Grup A,William Brown,False,1991-02-24,35,0.05
Marc,Castells,Espanya,Sevilla,20,9,1970,Hombre,1163.4,Sí,,Grup A,Marc Castells,True,1970-09-20,55,0.05
Miguel,Oliveira Pereira,Portugal,Porto,19,4,1958,Hombre,1081.5,No,1.0,Grup A,Miguel Oliveira Pereira,False,1958-04-19,67,0.05
Joan,Ferrer Castells,Espanya,Madrid,25,10,1967,Hombre,1311.45,Sí,,Grup A,Joan Ferrer Castells,True,1967-10-25,58,0.05
Joan,Ferrer,Espanya,Sevilla,19,12,1970,,1062.6000000000001,No,1.0,Grup A,Joan Ferrer,True,1970-12-19,55,0.05
Youssef,Zahraoui,Marroc,Casablanca,2,3,1998,Hombre,1678.95,No,1.0,Grup A,Youssef Zahraoui,False,1998-03-02,27,0.05
Toni,Castells,Espanya,València,1,5,1960,Hombre,1715.7,Sí,,Grup A,Toni Castells,True,1960-05-01,65,0.05
Marc,Ferrer Romero,Espanya,Madrid,9,10,1973,Hombre,1135.05,No,1.0,Grup A,Marc Ferrer Romero,True,1973-10-09,52,0.05
Laura,Schneider,Alemanya,Hamburg,25,1,1957,Mujer,1436.4,No,1.0,Grup A,Laura Schneider,False,1957-01-25,69,0.05
Arnau,Sánchez,Espanya,Barcelona,16,12,1998,Hombre,1506.75,No,1.0,Grup A,Arnau Sánchez,True,1998-12-16,27,0.05
Eva,Ferrer,Espanya,Sevilla,4,11,1990,Mujer,1433.25,Sí,,Grup A,Eva Ferrer,True,1990-11-04,35,0.05
Pau,Sánchez,Espanya,Sevilla,1,2,1953,Hombre,1088.8500000000001,No,1.0,Grup A,Pau Sánchez,True,1953-02-01,73,0.05
Clara,Martínez Romero,Espanya,València,9,7,1973,Mujer,1118.25,Sí,,Grup A,Clara Martínez Romero,True,1973-07-09,52,0.05
Joan,Romero Martínez,Espanya,Barcelona,2,11,1973,Hombre,1623.3000000000002,Sí,,Grup A,Joan Romero Martínez,True,1973-11-02,52,0.05
Marta,Castells López,Espanya,Barcelona,9,6,1985,Mujer,1509.9,No,1.0,Grup A,Marta Castells López,True,1985-06-09,40,0.05
Pau,Ferrer Martínez,Espanya,Barcelona,24,12,1964,Hombre,895.6500000000001,No,1.0,Grup A,Pau Ferrer Martínez,True,1964-12-24,61,0.05
Alessandro,Ferrari,Itàlia,Torí,22,7,2003,Hombre,1515.15,Sí,,Grup A,Alessandro Ferrari,False,2003-07-22,22,0.05
Laia,Romero Martínez,Espanya,Barcelona,28,5,1964,Mujer,1065.75,No,1.0,Grup A,Laia Romero Martínez,True,1964-05-28,61,0.05
Jean,Dubois,França,Marsella,24,11,1970,Hombre,1097.25,No,1.0,Grup A,Jean Dubois,False,1970-11-24,55,0.05
Arnau,Romero,Espanya,València,24,6,1976,Hombre,810.6,No,1.0,Grup A,Arnau Romero,True,1976-06-24,49,0.05
Olivia,Taylor,Regne Unit,Londres,13,9,1992,,1486.8,Sí,,Grup A,Olivia Taylor,False,1992-09-13,33,0.05
Clara,Sánchez Romero,Espanya,Bilbao,16,3,2004,Mujer,1075.2,No,1.0,Grup A,Clara Sánchez Romero,True,2004-03-16,21,0.05
João,Oliveira,Portugal,Lisboa,1,7,1979,Hombre,1339.8,No,1.0,Grup A,João Oliveira,False,1979-07-01,46,0.05
Florencia,Álvarez,Argentina,Buenos Aires,14,11,1961,Mujer,1095.15,No,1.0,Grup A,Florencia Álvarez,False,1961-11-14,64,0.05
João,Silva,Portugal,Lisboa,2,7,1994,Hombre,1715.7,No,1.0,Grup A,João Silva,False,1994-07-02,31,0.05
Marc,Martínez Castells,Espanya,Barcelona,13,5,1979,,1546.65,No,1.0,Grup A,Marc Martínez Castells,True,1979-05-13,46,0.05
Joan,Ferrer,Espanya,Sevilla,2,2,1964,Hombre,1273.65,No,1.0,Grup A,Joan Ferrer,True,1964-02-02,62,0.05
Jordi,Martínez Ferrer,Espanya,València,18,2,1972,Otros,816.9000000000001,No,1.0,Grup A,Jordi Martínez Ferrer,True,1972-02-18,54,0.05
Anna,Sánchez López,Espanya,Madrid,4,8,1997,Otros,1256.8500000000001,No,1.0,Grup A,Anna Sánchez López,True,1997-08-04,28,0.05
Eva,Romero,Espanya,Bilbao,18,7,1967,Mujer,1388.1000000000001,No,1.0,Grup A,Eva Romero,True,1967-07-18,58,0.05
Pau,Castells Martínez,Espanya,Barcelona,3,1,1985,Hombre,1304.1000000000001,No,1.0,Grup A,Pau Castells Martínez,True,1985-01-03,41,0.05
Jordi,García López,Espanya,Sevilla,6,6,1971,Hombre,1311.45,Sí,,Grup A,Jordi García López,True,1971-06-06,54,0.05
Núria,Romero Romero,Espanya,Madrid,3,3,1962,Mujer,938.7,No,1.0,Grup A,Núria Romero Romero,True,1962-03-03,63,0.05
Gabriela,Cruz,Mèxic,Guadalajara,27,1,1955,Mujer,1465.8,No,1.0,Grup A,Gabriela Cruz,False,1955-01-27,71,0.05
Laia,Castells,Espanya,Madrid,9,8,1977,Mujer,1030.05,No,1.0,Grup A,Laia Castells,True,1977-08-09,48,0.05
Marta,Martínez,Espanya,Sevilla,17,7,2000,Mujer,1256.8500000000001,No,1.0,Grup A,Marta Martínez,True,2000-07-17,25,0.05
Arnau,Sánchez,Espanya,Bilbao,23,1,1978,Hombre,1162.3500000000001,No,1.0,Grup A,Arnau Sánchez,True,1978-01-23,48,0.05
Francesca,Conti,Itàlia,Roma,10,8,1955,Mujer,850.5,Sí,,Grup A,Francesca Conti,False,1955-08-10,70,0.05
Clara,Sánchez Castells,Espanya,València,6,10,1973,Mujer,1225.3500000000001,No,1.0,Grup A,Clara Sánchez Castells,True,1973-10-06,52,0.05
Núria,Castells,Espanya,València,16,2,2001,Mujer,936.6,No,1.0,Grup A,Núria Castells,True,2001-02-16,25,0.05
Marta,Martínez Ferrer,Espanya,València,2,11,2001,Mujer,846.3000000000001,No,1.0,Grup A,Marta Martínez Ferrer,True,2001-11-02,24,0.05
Núria,Martínez Martínez,Espanya,Bilbao,20,8,2002,Mujer,1056.3,No,1.0,Grup A,Núria Martínez Martínez,True,2002-08-20,23,0.05
Tiago,Ferreira Pereira,Portugal,Lisboa,15,3,1959,Otros,1326.15,No,1.0,Grup A,Tiago Ferreira Pereira,False,1959-03-15,66,0.05
Pau,López,Espanya,Madrid,28,12,1971,Hombre,833.7,Sí,,Grup A,Pau López,True,1971-12-28,54,0.05
Anna,Ferrer Martínez,Espanya,Bilbao,15,10,1981,Mujer,892.5,Sí,,Grup A,Anna Ferrer Martínez,True,1981-10-15,44,0.05
Oriol,Martínez,Espanya,Sevilla,23,12,1991,Hombre,843.1500000000001,Sí,,Grup A,Oriol Martínez,True,1991-12-23,34,0.05
Toni,Martínez López,Espanya,Madrid,4,12,1983,Hombre,1687.3500000000001,Sí,,Grup A,Toni Martínez López,True,1983-12-04,42,0.05
Marc,García,Espanya,Madrid,14,7,1977,Hombre,1678.95,No,1.0,Grup A,Marc García,True,1977-07-14,48,0.05
Daniel,Rojas Torres,Colòmbia,Bogotà,20,8,1985,Hombre,1529.8500000000001,Sí,,Grup A,Daniel Rojas Torres,False,1985-08-20,40,0.05
Carla,López Romero,Espanya,Sevilla,22,4,1954,Mujer,1231.65,Sí,,Grup A,Carla López Romero,True,1954-04-22,71,0.05
Anna,Castells Ferrer,Espanya,Barcelona,8,1,1983,Mujer,1568.7,Sí,,Grup A,Anna Castells Ferrer,True,1983-01-08,43,0.05
Marc,López,Espanya,Sevilla,23,1,1965,Hombre,884.1,Sí,,Grup A,Marc López,True,1965-01-23,61,0.05
Jordi,Ferrer Martínez,Espanya,València,12,11,1981,Hombre,1747.2,No,1.0,Grup A,Jordi Ferrer Martínez,True,1981-11-12,44,0.05
Louis,Dubois Girard,França,Lió,21,11,1950,Hombre,1139.25,No,1.0,Grup A,Louis Dubois Girard,False,1950-11-21,75,0.05
Oriol,Castells Ferrer,Espanya,València,14,10,1959,Hombre,1654.8000000000002,Sí,,Grup A,Oriol Castells Ferrer,True,1959-10-14,66,0.05
Inês,Oliveira Ferreira,Portugal,Lisboa,2,5,1970,Mujer,721.35,No,1.0,Grup A,Inês Oliveira Ferreira,False,1970-05-02,55,0.05
Laia,Ferrer,Espanya,Sevilla,18,6,1988,Mujer,994.35,No,1.0,Grup A,Laia Ferrer,True,1988-06-18,37,0.05
Camila,Cruz Cruz,Mèxic,Guadalajara,2,1,1952,Mujer,880.95,No,1.0,Grup A,Camila Cruz Cruz,False,1952-01-02,74,0.05
Núria,Martínez Sánchez,Espanya,Madrid,23,5,1967,Mujer,959.7,Sí,,Grup A,Núria Martínez Sánchez,True,1967-05-23,58,0.05
Carla,Ferrer García,Espanya,Madrid,19,12,1960,Mujer,1475.25,Sí,,Grup A,Carla Ferrer García,True,1960-12-19,65,0.05
Toni,Romero,Espanya,Barcelona,7,5,1990,Hombre,1156.05,No,1.0,Grup A,Toni Romero,True,1990-05-07,35,0.05
Jordi,García Martínez,Espanya,Sevilla,7,2,1974,Hombre,812.7,Sí,,Grup A,Jordi García Martínez,True,1974-02-07,52,0.05
Alessia,Russo Russo,Itàlia,Torí,18,5,1995,Mujer,1220.1000000000001,No,1.0,Grup A,Alessia Russo Russo,False,1995-05-18,30,0.05
Eva,Romero,Espanya,Madrid,21,1,1972,Mujer,1073.1000000000001,Sí,,Grup A,Eva Romero,True,1972-01-21,54,0.05
Joan,López,Espanya,Barcelona,22,10,1964,Hombre,1704.15,No,1.0,Grup A,Joan López,True,1964-10-22,61,0.05
Joan,García,Espanya,Bilbao,23,6,1960,Hombre,867.3000000000001,No,1.0,Grup A,Joan García,True,1960-06-23,65,0.05
Louis,Dubois Dubois,França,París,22,9,1964,Hombre,1050.0,No,1.0,Grup A,Louis Dubois Dubois,False,1964-09-22,61,0.05
Giovanni,Rossi Ferrari,Itàlia,Torí,14,6,1991,Hombre,1073.1000000000001,No,1.0,Grup A,Giovanni Rossi Ferrari,False,1991-06-14,34,0.05
Marc,Sánchez,Espanya,Bilbao,3,6,1996,Hombre,1200.15,Sí,,Grup A,Marc Sánchez,True,1996-06-03,29,0.05
Francesca,Rossi Russo,Itàlia,Torí,1,9,1994,Mujer,1316.7,No,1.0,Grup A,Francesca Rossi Russo,False,1994-09-01,31,0.05
Anna,Ferrer Romero,Espanya,Sevilla,24,1,2005,Mujer,753.9,No,1.0,Grup A,Anna Ferrer Romero,True,2005-01-24,21,0.05
Chloé,Moreau,França,Marsella,5,5,1976,Mujer,1231.65,Sí,,Grup A,Chloé Moreau,False,1976-05-05,49,0.05
Lucas,Álvarez,Argentina,Buenos Aires,2,8,1978,Hombre,943.95,Sí,,Grup A,Lucas Álvarez,False,1978-08-02,47,0.05
Carla,López,Espanya,València,27,6,1972,Mujer,957.6,No,1.0,Grup A,Carla López,True,1972-06-27,53,0.05
Jordi,Ferrer,Espanya,Bilbao,22,5,1960,Hombre,1391.25,No,1.0,Grup A,Jordi Ferrer,True,1960-05-22,65,0.05
Laia,Ferrer,Espanya,Madrid,18,8,1973,Mujer,1137.15,Sí,,Grup A,Laia Ferrer,True,1973-08-18,52,0.05
Andrés,Torres,Colòmbia,Medellín,13,1,1967,Hombre,1645.3500000000001,No,1.0,Grup A,Andrés Torres,False,1967-01-13,59,0.05
Joan,Martínez Romero,Espanya,Madrid,19,6,1972,Hombre,1185.45,Sí,,Grup A,Joan Martínez Romero,True,1972-06-19,53,0.05
Eva,Castells Romero,Espanya,Bilbao,25,6,1974,Mujer,1382.8500000000001,No,1.0,Grup A,Eva Castells Romero,True,1974-06-25,51,0.05
Juan,Álvarez,Argentina,Buenos Aires,21,2,1968,Hombre,931.35,Sí,,Grup A,Juan Álvarez,False,1968-02-21,58,0.05
Valentina,Castro Rojas,Colòmbia,Medellín,8,12,1986,Mujer,857.85,Sí,,Grup A,Valentina Castro Rojas,False,1986-12-08,39,0.05
Marc,Romero,Espanya,València,8,6,1957,Hombre,832.6500000000001,Sí,,Grup A,Marc Romero,True,1957-06-08,68,0.05
Arnau,Martínez Romero,Espanya,Bilbao,26,8,1997,Hombre,1501.5,No,1.0,Grup A,Arnau Martínez Romero,True,1997-08-26,28,0.05
Eva,Castells Romero,Espanya,Barcelona,13,2,1980,Otros,977.5500000000001,No,1.0,Grup A,Eva Castells Romero,True,1980-02-13,46,0.05
Oriol,Martínez,Espanya,València,17,7,1951,Hombre,1672.65,No,1.0,Grup A,Oriol Martínez,True,1951-07-17,74,0.05
Toni,Ferrer,Espanya,Bilbao,7,4,1996,Otros,1332.45,No,1.0,Grup A,Toni Ferrer,True,1996-04-07,29,0.05
Marta,Sánchez,Espanya,València,28,10,1980,Mujer,1424.8500000000001,Sí,,Grup A,Marta Sánchez,True,1980-10-28,45,0.05
Carla,López,Espanya,València,4,6,1994,Mujer,1043.7,Sí,,Grup A,Carla López,True,1994-06-04,31,0.05
Oriol,Martínez Sánchez,Espanya,València,3,9,1969,Hombre,1274.7,Sí,,Grup A,Oriol Martínez Sánchez,True,1969-09-03,56,0.05
Eva,Martínez Martínez,Espanya,Madrid,16,9,2003,Mujer,1355.55,No,1.0,Grup A,Eva Martínez Martínez,True,2003-09-16,22,0.05
Núria,López,Espanya,Sevilla,7,6,1956,Mujer,1379.7,No,1.0,Grup A,Núria López,True,1956-06-07,69,0.05
Pau,Ferrer,Espanya,Sevilla,23,2,1996,Hombre,1582.3500000000001,Sí,,Grup A,Pau Ferrer,True,1996-02-23,30,0.05
Laia,Castells Castells,Espanya,Bilbao,3,12,1968,,1396.5,Sí,,Grup A,Laia Castells Castells,True,1968-12-03,57,0.05
Clara,Castells,Espanya,Barcelona,17,7,1953,Mujer,816.9000000000001,No,1.0,Grup A,Clara Castells,True,1953-07-17,72,0.05
Oriol,Romero,Espanya,Bilbao,28,3,1959,,958.6500000000001,Sí,,Grup A,Oriol Romero,True,1959-03-28,66,0.05
Emily,Taylor,Regne Unit,Londres,24,3,1976,Mujer,1312.5,Sí,,Grup A,Emily Taylor,False,1976-03-24,49,0.05
Clara,López García,Espanya,Sevilla,18,8,1955,Mujer,1037.4,No,1.0,Grup A,Clara López García,True,1955-08-18,70,0.05
George,Brown Jones,Regne Unit,Manchester,27,12,1979,Hombre,1186.5,Sí,,Grup A,George Brown Jones,False,1979-12-27,46,0.05
Arnau,Martínez,Espanya,Bilbao,13,8,1964,Hombre,1387.05,No,1.0,Grup A,Arnau Martínez,True,1964-08-13,61,0.05
Carla,Castells López,Espanya,València,17,10,1966,Mujer,1085.7,No,1.0,Grup A,Carla Castells López,True,1966-10-17,59,0.05
Joan,García Ferrer,Espanya,Madrid,1,6,1975,Hombre,840.0,Sí,,Grup A,Joan García Ferrer,True,1975-06-01,50,0.05
Marc,García,Espanya,Madrid,8,1,1972,Otros,1630.65,No,1.0,Grup A,Marc García,True,1972-01-08,54,0.05
Toni,Castells,Espanya,Sevilla,11,5,2004,Hombre,1420.65,No,1.0,Grup A,Toni Castells,True,2004-05-11,21,0.05
Arnau,García,Espanya,Sevilla,10,9,1966,,1291.5,No,1.0,Grup A,Arnau García,True,1966-09-10,59,0.05
Joan,Romero Romero,Espanya,Barcelona,3,11,1995,Hombre,1163.4,Sí,,Grup A,Joan Romero Romero,True,1995-11-03,30,0.05
Clara,García López,Espanya,València,21,1,1983,Mujer,1156.05,Sí,,Grup A,Clara García López,True,1983-01-21,43,0.05
Clara,Sánchez,Espanya,Barcelona,3,10,1985,Mujer,1502.55,No,1.0,Grup A,Clara Sánchez,True,1985-10-03,40,0.05
Núria,López,Espanya,Barcelona,28,5,1961,Mujer,836.85,Sí,,Grup A,Núria López,True,1961-05-28,64,0.05
Olivia,Brown Brown,Regne Unit,Manchester,28,8,1952,Otros,1074.15,No,1.0,Grup A,Olivia Brown Brown,False,1952-08-28,73,0.05
Eva,Sánchez,Espanya,Sevilla,28,6,1958,Otros,738.15,No,1.0,Grup A,Eva Sánchez,True,1958-06-28,67,0.05
Miguel,Ramírez,Mèxic,Ciutat de Mèxic,26,4,2005,Hombre,1748.25,No,1.0,Grup A,Miguel Ramírez,False,2005-04-26,20,0.05
Khadija,El Amrani,Marroc,Casablanca,13,9,1998,Mujer,1192.8,Sí,,Grup A,Khadija El Amrani,False,1998-09-13,27,0.05
Jordi,López,Espanya,Sevilla,18,2,1998,Hombre,922.95,No,1.0,Grup A,Jordi López,True,1998-02-18,28,0.05
Michel,Girard,França,París,12,3,2004,Hombre,1593.9,Sí,,Grup A,Michel Girard,False,2004-03-12,21,0.05
Valentina,Torres,Colòmbia,Medellín,12,7,1981,Mujer,901.95,Sí,,Grup A,Valentina Torres,False,1981-07-12,44,0.05
José,Cruz González,Mèxic,Ciutat de Mèxic,24,10,1983,Hombre,1501.5,No,1.0,Grup A,José Cruz González,False,1983-10-24,42,0.05
Eva,García,Espanya,Barcelona,27,10,1960,Mujer,760.2,Sí,,Grup A,Eva García,True,1960-10-27,65,0.05
Camila,Cruz Cruz,Mèxic,Ciutat de Mèxic,19,7,1954,Mujer,1356.6000000000001,Sí,,Grup A,Camila Cruz Cruz,False,1954-07-19,71,0.05
Marc,García Romero,Espanya,Bilbao,25,1,2004,Hombre,1140.3,No,1.0,Grup A,Marc García Romero,True,2004-01-25,22,0.05
Anna,Ferrer Castells,Espanya,Bilbao,1,9,1953,Mujer,1220.1000000000001,No,1.0,Grup A,Anna Ferrer Castells,True,1953-09-01,72,0.05
Anna,Romero,Espanya,Madrid,11,3,1990,Mujer,1010.1,No,1.0,Grup A,Anna Romero,True,1990-03-11,35,0.05
Laia,López López,Espanya,Bilbao,3,5,1997,Mujer,1109.8500000000001,Sí,,Grup A,Laia López López,True,1997-05-03,28,0.05
Ali,Bennani Fassi,Marroc,Casablanca,14,12,1983,Hombre,1585.5,No,1.0,Grup A,Ali Bennani Fassi,False,1983-12-14,42,0.05
Jordi,García Ferrer,Espanya,Sevilla,21,8,1959,Hombre,1140.3,Sí,,Grup A,Jordi García Ferrer,True,1959-08-21,66,0.05
Lucía,Álvarez,Argentina,Buenos Aires,10,8,1972,Otros,1198.05,No,1.0,Grup A,Lucía Álvarez,False,1972-08-10,53,0.05
Marta,Castells López,Espanya,Bilbao,10,1,1964,Mujer,1224.3,Sí,,Grup A,Marta Castells López,True,1964-01-10,62,0.05
Anna,Martínez,Espanya,Sevilla,24,2,1973,Mujer,1212.75,No,1.0,Grup A,Anna Martínez,True,1973-02-24,53,0.05
Carla,Castells Castells,Espanya,Barcelona,27,3,1977,Mujer,1500.45,No,1.0,Grup A,Carla Castells Castells,True,1977-03-27,48,0.05
Eva,Martínez,Espanya,València,4,12,1970,Mujer,1299.9,No,1.0,Grup A,Eva Martínez,True,1970-12-04,55,0.05
Marta,Romero,Espanya,Barcelona,8,4,1957,Mujer,724.5,No,1.0,Grup A,Marta Romero,True,1957-04-08,68,0.05
Lucía,Fernández Álvarez,Argentina,Còrdova,11,3,1973,Mujer,718.2,Sí,,Grup A,Lucía Fernández Álvarez,False,1973-03-11,52,0.05
Eva,García,Espanya,Bilbao,17,3,1997,Mujer,1085.7,No,1.0,Grup A,Eva García,True,1997-03-17,28,0.05
Carla,Sánchez,Espanya,València,10,6,1981,Mujer,754.95,Sí,,Grup A,Carla Sánchez,True,1981-06-10,44,0.05
Toni,Martínez Castells,Espanya,Barcelona,23,10,1957,Hombre,1445.8500000000001,No,1.0,Grup A,Toni Martínez Castells,True,1957-10-23,68,0.05
Matías,Fernández,Argentina,Buenos Aires,28,4,1953,Hombre,1315.65,No,1.0,Grup A,Matías Fernández,False,1953-04-28,72,0.05
Joan,García,Espanya,València,1,4,1977,Hombre,1670.5500000000002,Sí,,Grup A,Joan García,True,1977-04-01,48,0.05
Joan,López,Espanya,Sevilla,12,8,1992,Hombre,1025.8500000000001,No,1.0,Grup A,Joan López,True,1992-08-12,33,0.05
Amina,Zahraoui Zahraoui,Marroc,Casablanca,20,4,1973,Mujer,1526.7,No,1.0,Grup A,Amina Zahraoui Zahraoui,False,1973-04-20,52,0.05
Youssef,Fassi Zahraoui,Marroc,Rabat,13,7,1974,Otros,1164.45,Sí,,Grup A,Youssef Fassi Zahraoui,False,1974-07-13,51,0.05
Michel,Lefevre,França,Marsella,28,1,1988,Hombre,1176.0,No,1.0,Grup A,Michel Lefevre,False,1988-01-28,38,0.05
Tomás,Fernández Fernández,Argentina,Còrdova,13,6,1964,Hombre,1090.95,No,1.0,Grup A,Tomás Fernández Fernández,False,1964-06-13,61,0.05
Carlos,Ramírez Cruz,Mèxic,Ciutat de Mèxic,28,12,1971,Hombre,1605.45,Sí,,Grup A,Carlos Ramírez Cruz,False,1971-12-28,54,0.05
Oriol,Castells,Espanya,Sevilla,27,3,1998,Hombre,1642.2,Sí,,Grup A,Oriol Castells,True,1998-03-27,27,0.05
Lukas,Müller Schmidt,Alemanya,Munic,23,2,2005,Hombre,1651.65,No,1.0,Grup A,Lukas Müller Schmidt,False,2005-02-23,21,0.05
Núria,García,Espanya,València,11,4,1993,Mujer,838.95,No,1.0,Grup A,Núria García,True,1993-04-11,32,0.05
Arnau,Sánchez,Espanya,Madrid,28,10,1973,Hombre,1024.8,Sí,,Grup A,Arnau Sánchez,True,1973-10-28,52,0.05
Fatima,Zahraoui Zahraoui,Marroc,Casablanca,6,2,1993,Mujer,1276.8,No,1.0,Grup A,Fatima Zahraoui Zahraoui,False,1993-02-06,33,0.05
Eva,García,Espanya,València,22,6,1993,Mujer,1516.2,No,1.0,Grup A,Eva García,True,1993-06-22,32,0.05
Pau,Romero,Espanya,Madrid,20,2,1953,Hombre,1412.25,No,1.0,Grup A,Pau Romero,True,1953-02-20,73,0.05
Marta,Sánchez,Espanya,Sevilla,17,3,1999,Mujer,1458.45,No,1.0,Grup A,Marta Sánchez,True,1999-03-17,26,0.05
Oriol,Martínez,Espanya,Sevilla,22,7,1977,Hombre,1415.4,Sí,,Grup A,Oriol Martínez,True,1977-07-22,48,0.05
Oriol,Sánchez García,Espanya,València,21,5,1993,Hombre,939.75,No,1.0,Grup A,Oriol Sánchez García,True,1993-05-21,32,0.05
Carla,Castells Ferrer,Espanya,Bilbao,20,7,1952,Mujer,1397.55,No,1.0,Grup A,Carla Castells Ferrer,True,1952-07-20,73,0.05
Carla,Martínez Castells,Espanya,Barcelona,21,10,1980,Mujer,792.75,No,1.0,Grup A,Carla Martínez Castells,True,1980-10-21,45,0.05
Isla,Jones Brown,Regne Unit,Manchester,28,3,1999,Mujer,1256.8500000000001,No,1.0,Grup A,Isla Jones Brown,False,1999-03-28,26,0.05
Louis,Lefevre Girard,França,París,23,10,1970,Hombre,773.85,Sí,,Grup A,Louis Lefevre Girard,False,1970-10-23,55,0.05
Pau,Romero Castells,Espanya,Madrid,8,8,1968,Hombre,1500.45,Sí,,Grup A,Pau Romero Castells,True,1968-08-08,57,0.05
Anna,López,Espanya,Madrid,2,1,1952,Mujer,1115.1000000000001,Sí,,Grup A,Anna López,True,1952-01-02,74,0.05
Omar,Zahraoui Zahraoui,Marroc,Rabat,1,7,1983,,1334.55,Sí,,Grup A,Omar Zahraoui Zahraoui,False,1983-07-01,42,0.05
Oriol,López Romero,Espanya,Barcelona,22,5,1983,Hombre,1191.75,Sí,,Grup A,Oriol López Romero,True,1983-05-22,42,0.05
Santiago,Rojas,Colòmbia,Bogotà,5,4,1987,Hombre,870.45,No,1.0,Grup A,Santiago Rojas,False,1987-04-05,38,0.05
Arnau,Romero Martínez,Espanya,València,7,5,1962,Hombre,1307.25,Sí,,Grup A,Arnau Romero Martínez,True,1962-05-07,63,0.05
Lea,Fischer,Alemanya,Berlín,9,9,1986,Mujer,1438.5,Sí,,Grup A,Lea Fischer,False,1986-09-09,39,0.05
William,Smith,Regne Unit,Manchester,19,5,1997,Hombre,1475.25,Sí,,Grup A,William Smith,False,1997-05-19,28,0.05
Marc,Ferrer,Espanya,Madrid,27,4,1954,Hombre,1717.8000000000002,Sí,,Grup A,Marc Ferrer,True,1954-04-27,71,0.05
Luisa,González Hernández,Mèxic,Ciutat de Mèxic,19,4,2005,Mujer,721.35,No,1.0,Grup A,Luisa González Hernández,False,2005-04-19,20,0.05
Carla,Ferrer,Espanya,Barcelona,13,12,1969,Mujer,956.5500000000001,No,1.0,Grup A,Carla Ferrer,True,1969-12-13,56,0.05
Laia,Castells Ferrer,Espanya,Madrid,7,5,1971,Mujer,1591.8,Sí,,Grup A,Laia Castells Ferrer,True,1971-05-07,54,0.05
Laia,Sánchez Martínez,Espanya,Barcelona,10,2,1971,Mujer,1498.3500000000001,No,1.0,Grup A,Laia Sánchez Martínez,True,1971-02-10,55,0.05
Eva,López Castells,Espanya,Sevilla,4,12,2004,,917.7,Sí,,Grup A,Eva López Castells,True,2004-12-04,21,0.05
Oriol,Castells,Espanya,Barcelona,3,12,1987,Hombre,1745.1000000000001,No,1.0,Grup A,Oriol Castells,True,1987-12-03,38,0.05
Joan,Sánchez,Espanya,Bilbao,18,3,1982,Hombre,1713.6000000000001,No,1.0,Grup A,Joan Sánchez,True,1982-03-18,43,0.05
Marc,Castells,Espanya,Sevilla,24,3,1974,Hombre,1058.4,No,1.0,Grup A,Marc Castells,True,1974-03-24,51,0.05
Marc,Sánchez Ferrer,Espanya,València,1,4,1998,Hombre,1016.4000000000001,No,1.0,Grup A,Marc Sánchez Ferrer,True,1998-04-01,27,0.05
Anna,Sánchez,Espanya,València,5,6,1988,Mujer,1013.25,No,1.0,Grup A,Anna Sánchez,True,1988-06-05,37,0.05
Julieta,Fernández,Argentina,Buenos Aires,28,1,1961,Mujer,1567.65,Sí,,Grup A,Julieta Fernández,False,1961-01-28,65,0.05
Antoine,Lefevre,França,Lió,17,6,1999,Hombre,1303.05,No,1.0,Grup A,Antoine Lefevre,False,1999-06-17,26,0.05
Laia,Martínez Romero,Espanya,Madrid,28,12,1957,Otros,764.4,Sí,,Grup A,Laia Martínez Romero,True,1957-12-28,68,0.05
Jordi,Romero García,Espanya,Barcelona,17,2,1972,Hombre,1190.7,No,1.0,Grup A,Jordi Romero García,True,1972-02-17,54,0.05
Anna,García García,Espanya,Madrid,8,5,2003,Mujer,889.35,Sí,,Grup A,Anna García García,True,2003-05-08,22,0.05
Jordi,Castells,Espanya,Bilbao,6,2,1963,Hombre,1371.3,Sí,,Grup A,Jordi Castells,True,1963-02-06,63,0.05
Núria,Martínez,Espanya,Bilbao,10,3,1971,Mujer,1037.4,No,1.0,Grup A,Núria Martínez,True,1971-03-10,54,0.05
Núria,García,Espanya,Bilbao,15,6,2001,Mujer,732.9,Sí,,Grup A,Núria García,True,2001-06-15,24,0.05
Martina,Gómez,Argentina,Buenos Aires,5,12,1963,Mujer,1042.65,No,1.0,Grup A,Martina Gómez,False,1963-12-05,62,0.05
Luisa,Cruz Ramírez,Mèxic,Guadalajara,19,2,1985,Mujer,758.1,No,1.0,Grup A,Luisa Cruz Ramírez,False,1985-02-19,41,0.05
Núria,Romero,Espanya,Madrid,9,4,1974,Mujer,717.15,Sí,,Grup A,Núria Romero,True,1974-04-09,51,0.05
Marc,López García,Espanya,Bilbao,10,9,2005,Hombre,1333.5,No,1.0,Grup A,Marc López García,True,2005-09-10,20,0.05
Anna,Sánchez,Espanya,Sevilla,17,7,1971,Mujer,805.35,Sí,,Grup A,Anna Sánchez,True,1971-07-17,54,0.05
Núria,Romero,Espanya,Madrid,9,3,1956,Mujer,1485.75,No,1.0,Grup A,Núria Romero,True,1956-03-09,69,0.05
Clara,Ferrer Castells,Espanya,Sevilla,25,7,1998,Mujer,1462.65,No,1.0,Grup A,Clara Ferrer Castells,True,1998-07-25,27,0.05
Joan,Martínez Castells,Espanya,Madrid,4,10,1985,Hombre,1195.95,No,1.0,Grup A,Joan Martínez Castells,True,1985-10-04,40,0.05
Núria,Ferrer,Espanya,València,26,4,1995,Mujer,1294.65,No,1.0,Grup A,Núria Ferrer,True,1995-04-26,30,0.05
Pau,Ferrer,Espanya,Sevilla,6,3,1997,Hombre,1499.4,No,1.0,Grup A,Pau Ferrer,True,1997-03-06,28,0.05
Pau,López Ferrer,Espanya,Bilbao,13,4,1960,Hombre,1185.45,Sí,,Grup A,Pau López Ferrer,True,1960-04-13,65,0.05
Anna,García,Espanya,Madrid,15,3,1960,Mujer,1186.5,Sí,,Grup A,Anna García,True,1960-03-15,65,0.05
Jordi,López Romero,Espanya,Bilbao,17,12,1978,Hombre,1066.8,No,1.0,Grup A,Jordi López Romero,True,1978-12-17,47,0.05
Toni,García,Espanya,València,4,5,1952,Hombre,1132.95,No,1.0,Grup A,Toni García,True,1952-05-04,73,0.05
Youssef,Bennani El Amrani,Marroc,Rabat,5,9,1960,Hombre,1699.95,No,1.0,Grup A,Youssef Bennani El Amrani,False,1960-09-05,65,0.05
Clara,Romero,Espanya,Bilbao,5,12,2004,Mujer,1582.3500000000001,No,1.0,Grup A,Clara Romero,True,2004-12-05,21,0.05
Carla,Sánchez Romero,Espanya,Madrid,22,1,2005,,936.6,No,1.0,Grup A,Carla Sánchez Romero,True,2005-01-22,21,0.05
Núria,Martínez Ferrer,Espanya,València,4,11,1976,Mujer,1079.4,No,1.0,Grup A,Núria Martínez Ferrer,True,1976-11-04,49,0.05
Felipe,Gutiérrez,Colòmbia,Medellín,13,11,1989,Hombre,1338.75,No,1.0,Grup A,Felipe Gutiérrez,False,1989-11-13,36,0.05
Toni,Romero,Espanya,Sevilla,26,9,1952,,1283.1000000000001,Sí,,Grup A,Toni Romero,True,1952-09-26,73,0.05
Eva,García,Espanya,Bilbao,13,9,1978,Mujer,1172.8500000000001,No,1.0,Grup A,Eva García,True,1978-09-13,47,0.05
Isla,Taylor Smith,Regne Unit,Londres,7,5,1965,Mujer,1298.8500000000001,No,1.0,Grup A,Isla Taylor Smith,False,1965-05-07,60,0.05
Oriol,Sánchez,Espanya,Barcelona,5,2,1986,Hombre,784.35,No,1.0,Grup A,Oriol Sánchez,True,1986-02-05,40,0.05
Jean,Girard Lefevre,França,Lió,28,12,1960,Hombre,976.5,No,1.0,Grup A,Jean Girard Lefevre,False,1960-12-28,65,0.05
Oriol,Sánchez García,Espanya,València,16,7,1965,Hombre,1336.65,No,1.0,Grup A,Oriol Sánchez García,True,1965-07-16,60,0.05
Clara,Romero García,Espanya,València,8,2,1989,Mujer,1308.3,Sí,,Grup A,Clara Romero García,True,1989-02-08,37,0.05
Toni,López,Espanya,Bilbao,3,6,1956,Hombre,899.85,No,1.0,Grup A,Toni López,True,1956-06-03,69,0.05
Laia,Romero,Espanya,Barcelona,17,9,1966,Mujer,999.6,Sí,,Grup A,Laia Romero,True,1966-09-17,59,0.05
Núria,García Castells,Espanya,Sevilla,23,12,1986,Mujer,1321.95,No,1.0,Grup A,Núria García Castells,True,1986-12-23,39,0.05
Marc,Castells Castells,Espanya,Bilbao,18,12,1955,Hombre,1396.5,Sí,,Grup A,Marc Castells Castells,True,1955-12-18,70,0.05
Toni,Romero Martínez,Espanya,Bilbao,15,9,1980,Hombre,1282.05,No,1.0,Grup A,Toni Romero Martínez,True,1980-09-15,45,0.05
Jordi,Romero,Espanya,Barcelona,6,9,1952,Hombre,1756.65,Sí,,Grup A,Jordi Romero,True,1952-09-06,73,0.05
Oriol,García Castells,Espanya,Barcelona,8,5,1987,Hombre,962.85,No,1.0,Grup A,Oriol García Castells,True,1987-05-08,38,0.05
William,Taylor,Regne Unit,Londres,11,10,1957,Hombre,1067.8500000000001,No,1.0,Grup A,William Taylor,False,1957-10-11,68,0.05
Arnau,Martínez,Espanya,Bilbao,9,10,1996,Hombre,1230.6000000000001,Sí,,Grup A,Arnau Martínez,True,1996-10-09,29,0.05
Chloé,Girard Girard,França,Marsella,17,12,1956,Mujer,1504.65,No,1.0,Grup A,Chloé Girard Girard,False,1956-12-17,69,0.05
Felipe,Gutiérrez,Colòmbia,Medellín,17,9,1953,Hombre,1199.1000000000001,Sí,,Grup A,Felipe Gutiérrez,False,1953-09-17,72,0.05
Élise,Moreau Moreau,França,París,10,6,1992,Mujer,1446.9,No,1.0,Grup A,Élise Moreau Moreau,False,1992-06-10,33,0.05
Andrés,Ramírez Hernández,Mèxic,Ciutat de Mèxic,2,9,1956,Hombre,1529.8500000000001,Sí,,Grup A,Andrés Ramírez Hernández,False,1956-09-02,69,0.05
Jean,Dubois,França,Lió,13,2,1960,Hombre,1051.05,Sí,,Grup A,Jean Dubois,False,1960-02-13,66,0.05
Toni,López,Espanya,Sevilla,20,10,1950,,1614.9,No,1.0,Grup A,Toni López,True,1950-10-20,75,0.05
Laia,López,Espanya,Barcelona,8,3,1970,Mujer,1380.75,No,1.0,Grup A,Laia López,True,1970-03-08,55,0.05
Joan,García,Espanya,Sevilla,11,4,1959,Hombre,1019.5500000000001,No,1.0,Grup A,Joan García,True,1959-04-11,66,0.05
Laia,Ferrer Martínez,Espanya,Barcelona,11,11,1980,Mujer,716.1,No,1.0,Grup A,Laia Ferrer Martínez,True,1980-11-11,45,0.05
Clara,Sánchez López,Espanya,Bilbao,1,8,1952,Mujer,1277.8500000000001,No,1.0,Grup A,Clara Sánchez López,True,1952-08-01,73,0.05
